{
  "hash": "dd11dab3",
  "configHash": "380da69d",
  "lockfileHash": "9dada693",
  "browserHash": "78effab6",
  "optimized": {
    "@angular/common": {
      "src": "../../../../../node_modules/@angular/common/fesm2022/common.mjs",
      "file": "@angular_common.js",
      "fileHash": "81219c5e",
      "needsInterop": false
    },
    "@angular/core": {
      "src": "../../../../../node_modules/@angular/core/fesm2022/core.mjs",
      "file": "@angular_core.js",
      "fileHash": "91058d07",
      "needsInterop": false
    },
    "@angular/forms": {
      "src": "../../../../../node_modules/@angular/forms/fesm2022/forms.mjs",
      "file": "@angular_forms.js",
      "fileHash": "1b276506",
      "needsInterop": false
    },
    "@angular/platform-browser": {
      "src": "../../../../../node_modules/@angular/platform-browser/fesm2022/platform-browser.mjs",
      "file": "@angular_platform-browser.js",
      "fileHash": "f51bf889",
      "needsInterop": false
    },
    "@angular/router": {
      "src": "../../../../../node_modules/@angular/router/fesm2022/router.mjs",
      "file": "@angular_router.js",
      "fileHash": "1f89f965",
      "needsInterop": false
    }
  },
  "chunks": {
    "chunk-HVUDDNBE": {
      "file": "chunk-HVUDDNBE.js"
    },
    "chunk-YB7WXP4O": {
      "file": "chunk-YB7WXP4O.js"
    },
    "chunk-5YL2E2YL": {
      "file": "chunk-5YL2E2YL.js"
    }
  }
}